{
    "idSave": 23,
    "isFirstSession": false,
    "language": "ru",
    "promptDone": false,
    "resources": [
        0.30000004172325137,
        0.30000001192092898,
        0.1000000387430191,
        0.30000001192092898
    ],
    "indexCard": 11,
    "dayCount": 15,
    "saver": true
}